{
    "bookmarks": {
        "151.45 - Sky News": {
            "bandwidth": 49461.358313817334,
            "frequency": 151450000.0,
            "mode": 0
        },
        "151.675 - Lofi Study | India": {
            "bandwidth": 50000.0,
            "frequency": 151675000.0,
            "mode": 0
        },
        "151.85 - Late Night with Jose": {
            "bandwidth": 50000.0,
            "frequency": 151850000.0,
            "mode": 0
        },
        "151.90 - Propaganda FM": {
            "bandwidth": 50000.0,
            "frequency": 151900000.0,
            "mode": 0
        },
        "151.9274 - 400Hz Beatz": {
            "bandwidth": 50000.0,
            "frequency": 151927400.0,
            "mode": 0
        },
        "152.00 - Mama Xi's bedtime stories": {
            "bandwidth": 50000.0,
            "frequency": 152000000.0,
            "mode": 0
        },
        "152.075 - Highschool radio dating simulator": {
            "bandwidth": 50000.0,
            "frequency": 152075000.0,
            "mode": 0
        },
        "152.225 - Lottery Numbers": {
            "bandwidth": 50000.0,
            "frequency": 152225000.0,
            "mode": 0
        },
        "152.250 - Terrible Neighbour": {
            "bandwidth": 33978.517357810546,
            "frequency": 152250000.0,
            "mode": 0
        }
    }
}